商品主键,商品采价日期,商品采价地区编码,商品价格,商品销量,销售额
商品1,2016-12,331100,9.32,340,1584.4
商品1,2017-01,331100,13.98,2156,10046.96
商品1,2017-02,331100,13.98,1520,7083.200000000001
商品1,2017-03,331100,18.64,2409,11225.94
商品1,2017-04,331100,27.96,4114,19171.24
商品1,2017-05,331100,18.64,1770,8248.2
商品1,2017-06,331100,13.98,1567,7302.22
商品1,2017-07,331100,13.98,1439,6705.740000000001
商品1,2017-08,331100,13.98,1420,6617.200000000001
商品1,2017-09,331100,13.98,1116,5200.56
商品1,2017-10,331100,13.98,900,4194.0
商品1,2017-11,331100,13.98,1884,8779.439999999999
商品1,2017-12,331100,13.98,2386,11118.76
商品1,2018-01,331100,13.98,1900,8854.0
商品1,2018-02,331100,13.98,1543,7190.38
商品1,2018-03,331100,11.98,1687,6799.42
商品1,2018-04,331100,10.98,2618,9581.880000000001
商品1,2018-05,331100,10.98,2123,7770.18
商品1,2018-06,331100,10.98,842,3081.7200000000003
商品1,2018-07,331100,10.98,1622,5936.52
商品1,2018-08,331100,10.98,1723,6306.18
商品1,2018-09,331100,10.98,2028,7422.4800000000005
商品1,2018-10,331100,10.98,1871,6847.860000000001
商品1,2018-11,331100,10.98,1556,5694.96
商品1,2018-12,331100,10.98,1239,4534.74
商品1,2019-01,331100,10.98,1244,4553.04
商品1,2019-02,331100,10.98,1945,7118.7
商品1,2019-03,331100,7.32,1018,3725.88
商品10,2016-12,331100,9.34,1592,7434.639999999999
商品10,2017-01,331100,17.17,1791,10448.81
商品10,2017-02,331100,18.5,1969,12260.009999999998
商品10,2017-03,331100,26.83,1393,9485.61
商品10,2017-04,331100,35.0,3815,22148.71
商品10,2017-05,331100,17.83,3033,13124.69
商品10,2017-06,331100,11.17,552,2108.08
商品10,2017-07,331100,13.83,2080,9593.6
商品10,2017-08,331100,14.01,1973,9197.41
商品10,2017-09,331100,12.5,1388,6003.360000000001
商品10,2017-10,331100,13.83,1783,8455.39
商品10,2017-11,331100,13.99,1156,5307.48
商品10,2017-12,331100,14.83,1085,5385.9
商品10,2018-01,331100,16.0,1508,7859.110000000001
商品10,2018-02,331100,25.33,1648,12806.21
商品10,2018-03,331100,22.83,747,5549.43
商品10,2018-04,331100,18.16,1153,6375.51
商品10,2018-05,331100,12.51,648,2641.16
商品10,2018-06,331100,14.33,1831,8459.630000000001
商品10,2018-07,331100,10.67,1080,3618.06
商品10,2018-08,331100,13.34,1244,5572.61
商品10,2018-09,331100,14.0,2046,9380.0
商品10,2018-10,331100,14.83,2559,12645.060000000001
商品10,2018-11,331100,13.33,2591,11549.17
商品10,2018-12,331100,15.33,2163,11045.130000000001
商品10,2019-01,331100,18.5,1227,7493.62
商品10,2019-02,331100,23.83,933,7644.96
商品10,2019-03,331100,19.67,1095,11332.95
商品11,2016-12,331100,31.34,752,11783.84
商品11,2017-01,331100,49.0,2076,33817.49
商品11,2017-02,331100,47.33,686,10678.7
商品11,2017-03,331100,59.51,1727,25788.39
商品11,2017-04,331100,86.66,3767,53963.11
商品11,2017-05,331100,56.68,1698,24060.66
商品11,2017-06,331100,42.0,812,11368.0
商品11,2017-07,331100,42.0,1136,15904.0
商品11,2017-08,331100,42.34,2359,33278.62
商品11,2017-09,331100,42.34,674,9542.42
商品11,2017-10,331100,42.0,1908,26712.0
商品11,2017-11,331100,42.0,715,10010.0
商品11,2017-12,331100,42.0,1699,23786.0
商品11,2018-01,331100,42.51,1947,27588.989999999998
商品11,2018-02,331100,44.67,442,6685.62
商品11,2018-03,331100,40.33,1378,18310.05
商品11,2018-04,331100,36.01,1149,13717.83
商品11,2018-05,331100,35.5,1718,20289.83
商品11,2018-06,331100,35.01,848,9896.16
商品11,2018-07,331100,36.01,1362,16319.54
商品11,2018-08,331100,38.83,1657,21359.61
商品11,2018-09,331100,48.33,1697,28402.509999999995
商品11,2018-10,331100,56.34,1560,29127.18
商品11,2018-11,331100,54.0,840,14879.44
商品11,2018-12,331100,51.5,1373,23731.730000000003
商品11,2019-01,331100,50.33,1392,23280.629999999997
商品11,2019-02,331100,51.0,1074,18171.57
商品11,2019-03,331100,31.159999999999997,968,14874.439999999999
商品12,2016-12,331100,143.16000000000003,1577,113425.71000000002
商品12,2017-01,331100,210.69,1877,131821.71000000002
商品12,2017-02,331100,210.69,1423,99937.29000000001
商品12,2017-03,331100,280.92,1004,70510.92000000001
商品12,2017-04,331100,421.38,2446,171782.58000000002
商品12,2017-05,331100,280.92,3263,229160.49000000002
商品12,2017-06,331100,210.69,1339,94037.97
商品12,2017-07,331100,210.69,1489,104572.47000000002
商品12,2017-08,331100,210.69,1396,98041.08000000002
商品12,2017-09,331100,210.69,1046,73460.58
商品12,2017-10,331100,210.69,1683,118197.09000000001
商品12,2017-11,331100,210.69,1715,120444.45000000001
商品12,2017-12,331100,210.69,1551,108926.73000000001
商品12,2018-01,331100,210.69,1224,85961.52
商品12,2018-02,331100,210.69,1254,88068.42
商品12,2018-03,331100,210.69,2125,149238.75
商品12,2018-04,331100,210.69,1180,82871.40000000001
商品12,2018-05,331100,210.69,1605,112719.15
商品12,2018-06,331100,210.69,2598,182457.54
商品12,2018-07,331100,210.69,1504,105625.92000000001
商品12,2018-08,331100,210.69,2087,146570.01
商品12,2018-09,331100,210.69,1394,97900.62000000001
商品12,2018-10,331100,210.69,1662,116722.26000000001
商品12,2018-11,331100,210.69,715,50214.45
商品12,2018-12,331100,210.69,1751,122972.73000000001
商品12,2019-01,331100,210.69,2144,150573.12
商品12,2019-02,331100,210.69,1179,82801.17000000001
商品12,2019-03,331100,140.46,910,63909.3
商品13,2016-12,331100,77.34,1038,40139.46000000001
商品13,2017-01,331100,121.0,957,38209.7
商品13,2017-02,331100,114.0,2292,87175.06
商品13,2017-03,331100,149.32,3088,115275.04
商品13,2017-04,331100,223.98,3251,121359.82999999999
商品13,2017-05,331100,149.32,2246,83843.18
商品13,2017-06,331100,111.99,890,33223.7
商品13,2017-07,331100,111.99,1312,48976.96
商品13,2017-08,331100,111.99,1095,40876.35
商品13,2017-09,331100,111.99,1884,70329.72
商品13,2017-10,331100,111.99,1785,66634.05
商品13,2017-11,331100,111.99,2073,77385.09
商品13,2017-12,331100,111.99,1865,69620.45
商品13,2018-01,331100,116.0,1765,67847.0
商品13,2018-02,331100,127.0,1740,75258.16
商品13,2018-03,331100,120.0,1585,63218.520000000004
商品13,2018-04,331100,117.33,298,11642.79
商品13,2018-05,331100,117.0,330,12870.0
商品13,2018-06,331100,116.67,1364,52946.850000000006
商品13,2018-07,331100,116.01,985,38089.950000000004
商品13,2018-08,331100,116.01,2527,97719.09
商品13,2018-09,331100,116.01,1296,50116.32000000001
商品13,2018-10,331100,128.01,2048,87388.16
商品13,2018-11,331100,128.01,1242,52996.14
商品13,2018-12,331100,128.67000000000002,1248,53391.42
商品13,2019-01,331100,130.32999999999998,2271,98549.31
商品13,2019-02,331100,129.67000000000002,1738,75067.16
商品13,2019-03,331100,84.34,892,37479.64
商品14,2016-12,331100,168.0,728,61152.0
商品14,2017-01,331100,252.0,1878,157752.0
商品14,2017-02,331100,252.0,838,70392.0
商品14,2017-03,331100,336.0,1304,109536.0
商品14,2017-04,331100,504.0,4383,368172.0
商品14,2017-05,331100,336.0,2269,190596.0
商品14,2017-06,331100,252.0,2335,196140.0
商品14,2017-07,331100,252.0,1221,102564.0
商品14,2017-08,331100,252.0,2006,168504.0
商品14,2017-09,331100,252.0,1509,126756.0
商品14,2017-10,331100,252.0,551,46284.0
商品14,2017-11,331100,252.0,2265,190260.0
商品14,2017-12,331100,252.0,951,79884.0
商品14,2018-01,331100,252.0,1839,154476.0
商品14,2018-02,331100,252.0,2147,180348.0
商品14,2018-03,331100,252.0,1478,124152.0
商品14,2018-04,331100,252.0,2169,182196.0
商品14,2018-05,331100,252.0,1066,89544.0
商品14,2018-06,331100,252.0,1789,150276.0
商品14,2018-07,331100,252.0,1012,85008.0
商品14,2018-08,331100,252.0,1154,96936.0
商品14,2018-09,331100,252.0,1021,85764.0
商品14,2018-10,331100,252.0,2109,177156.0
商品14,2018-11,331100,252.0,1509,126756.0
商品14,2018-12,331100,252.0,1865,156660.0
商品14,2019-01,331100,252.0,1507,126588.0
商品14,2019-02,331100,252.0,1317,110628.0
商品14,2019-03,331100,168.0,759,63756.0
商品15,2016-12,331100,75.34,1119,42152.729999999996
商品15,2017-01,331100,108.34,1441,52063.57000000001
商品15,2017-02,331100,99.33,745,24469.17
商品15,2017-03,331100,130.68,2808,91737.36
商品15,2017-04,331100,200.02,3508,116638.36000000002
商品15,2017-05,331100,134.68,1043,35117.810000000005
商品15,2017-06,331100,100.01,416,13891.720000000001
商品15,2017-07,331100,101.01,1509,50808.03
商品15,2017-08,331100,101.01,1243,41851.810000000005
商品15,2017-09,331100,101.01,964,32457.880000000005
商品15,2017-10,331100,101.01,1735,58417.450000000004
商品15,2017-11,331100,101.01,1142,38451.14
商品15,2017-12,331100,101.01,853,28720.51
商品15,2018-01,331100,107.33,1046,37582.3
商品15,2018-02,331100,119.67,718,28472.88
商品15,2018-03,331100,112.67,1528,58470.98
商品15,2018-04,331100,109.67,724,26386.559999999998
商品15,2018-05,331100,109.33,1674,60968.06
商品15,2018-06,331100,110.01,1361,49907.87
商品15,2018-07,331100,111.67,1382,51471.52
商品15,2018-08,331100,112.33,1532,57517.66
商品15,2018-09,331100,113.01,1174,44224.58
商品15,2018-10,331100,116.01,749,28963.83
商品15,2018-11,331100,125.34,2114,88731.78
商品15,2018-12,331100,130.0,788,34022.0
商品15,2019-01,331100,132.0,1637,72028.0
商品15,2019-02,331100,133.32999999999998,1838,81474.6
商品15,2019-03,331100,88.66,561,24869.13
商品16,2016-12,331100,8.66,728,3152.24
商品16,2017-01,331100,15.33,2213,11269.76
商品16,2017-02,331100,15.17,2440,12288.91
商品16,2017-03,331100,20.0,1551,7679.01
商品16,2017-04,331100,28.98,3011,14543.130000000001
商品16,2017-05,331100,18.0,2201,9904.5
商品16,2017-06,331100,12.66,1847,7940.42
商品16,2017-07,331100,12.5,1872,7860.5
商品16,2017-08,331100,12.5,1084,4460.77
商品16,2017-09,331100,13.67,1641,7430.23
商品16,2017-10,331100,13.67,2297,10409.94
商品16,2017-11,331100,13.33,548,2440.38
商品16,2017-12,331100,13.33,1211,5428.93
商品16,2018-01,331100,12.51,2080,8673.599999999999
商品16,2018-02,331100,14.0,1296,6006.79
商品16,2018-03,331100,11.83,1335,5180.87
商品16,2018-04,331100,11.49,1692,6480.360000000001
商品16,2018-05,331100,11.66,1856,7214.22
商品16,2018-06,331100,11.0,892,3531.0
商品16,2018-07,331100,11.84,1364,5470.76
商品16,2018-08,331100,12.99,2688,11652.54
商品16,2018-09,331100,14.49,1430,6906.900000000001
商品16,2018-10,331100,18.17,1334,8135.92
商品16,2018-11,331100,16.5,683,3664.16
商品16,2018-12,331100,14.83,895,4372.49
商品16,2019-01,331100,15.0,1969,9804.029999999999
商品16,2019-02,331100,16.5,921,5128.74
商品16,2019-03,331100,11.67,1211,7017.51
商品17,2016-12,331100,8.83,1514,6710.32
商品17,2017-01,331100,14.99,1764,8668.619999999999
商品17,2017-02,331100,14.83,1444,7064.96
商品17,2017-03,331100,19.66,2534,12463.96
商品17,2017-04,331100,28.98,3315,16011.45
商品17,2017-05,331100,18.32,1773,7783.59
商品17,2017-06,331100,11.5,1418,5458.27
商品17,2017-07,331100,12.0,2235,8940.0
商品17,2017-08,331100,12.83,1620,6886.4400000000005
商品17,2017-09,331100,13.16,2445,10749.029999999999
商品17,2017-10,331100,14.17,1611,7594.73
商品17,2017-11,331100,13.0,718,3097.56
商品17,2017-12,331100,13.84,1733,8053.67
商品17,2018-01,331100,15.5,633,3386.4700000000003
商品17,2018-02,331100,19.5,1635,10325.58
商品17,2018-03,331100,18.0,1303,7821.0
商品17,2018-04,331100,16.17,1215,6520.73
商品17,2018-05,331100,14.66,1317,6412.45
商品17,2018-06,331100,15.16,1855,9521.939999999999
商品17,2018-07,331100,13.49,701,3078.83
商品17,2018-08,331100,14.0,594,2771.65
商品17,2018-09,331100,16.17,1755,9368.7
商品17,2018-10,331100,18.0,2543,15355.67
商品17,2018-11,331100,16.66,2122,11629.24
商品17,2018-12,331100,15.0,999,5156.7
商品17,2019-01,331100,16.0,1227,6363.0
商品17,2019-02,331100,19.67,1309,9144.39
商品17,2019-03,331100,14.0,8,56.0
商品18,2016-12,331100,11.0,581,3166.09
商品18,2017-01,331100,16.33,2300,12515.7
商品18,2017-02,331100,14.66,2112,10367.22
商品18,2017-03,331100,19.32,1840,8929.7
商品18,2017-04,331100,28.64,3296,15734.38
商品18,2017-05,331100,19.66,2552,12526.76
商品18,2017-06,331100,17.66,1974,11182.71
商品18,2017-07,331100,18.32,2067,12704.220000000001
商品18,2017-08,331100,16.98,1219,6899.54
商品18,2017-09,331100,16.98,1752,9916.32
商品18,2017-10,331100,16.98,1280,7244.8
商品18,2017-11,331100,15.66,1089,5637.06
商品18,2017-12,331100,15.48,1384,7141.4400000000005
商品18,2018-01,331100,14.49,1630,7740.469999999999
商品18,2018-02,331100,15.99,1812,9675.3
商品18,2018-03,331100,16.09,2260,12147.38
商品18,2018-04,331100,15.65,2700,14086.53
商品18,2018-05,331100,14.49,1636,7879.610000000001
商品18,2018-06,331100,14.49,1193,5762.1900000000005
商品18,2018-07,331100,14.83,776,3843.62
商品18,2018-08,331100,15.16,1739,8718.52
商品18,2018-09,331100,15.36,1876,9611.82
商品18,2018-10,331100,15.42,1274,6556.080000000001
商品18,2018-11,331100,17.29,1481,8632.939999999999
商品18,2018-12,331100,18.78,1624,10166.24
商品18,2019-01,331100,19.259999999999998,1896,12134.64
商品18,2019-02,331100,19.7,1571,10314.5
商品18,2019-03,331100,13.2,1334,8804.4
商品19,2016-12,331100,5.66,1346,3809.1800000000003
商品19,2017-01,331100,12.34,1418,5291.79
商品19,2017-02,331100,13.5,1163,5371.709999999999
商品19,2017-03,331100,16.0,1709,6836.0
商品19,2017-04,331100,19.32,2278,7173.85
商品19,2017-05,331100,11.5,1582,4592.5
商品19,2017-06,331100,8.16,2216,5945.24
商品19,2017-07,331100,8.34,1485,4069.2299999999996
商品19,2017-08,331100,10.33,1038,3848.02
商品19,2017-09,331100,10.0,2582,8624.2
商品19,2017-10,331100,9.6,1854,6186.18
商品19,2017-11,331100,10.17,1355,4625.66
商品19,2017-12,331100,9.83,1265,4185.25
商品19,2018-01,331100,10.34,2176,7477.639999999999
商品19,2018-02,331100,15.5,735,3933.89
商品19,2018-03,331100,12.5,1852,7463.5599999999995
商品19,2018-04,331100,10.33,1762,5855.66
商品19,2018-05,331100,8.16,2078,5583.41
商品19,2018-06,331100,8.33,1126,2978.6800000000003
商品19,2018-07,331100,8.16,2017,5505.16
商品19,2018-08,331100,9.5,2503,8007.09
商品19,2018-09,331100,12.33,1512,6175.71
商品19,2018-10,331100,11.34,1232,4433.6
商品19,2018-11,331100,9.17,334,1015.26
商品19,2018-12,331100,12.33,1150,5088.24
商品19,2019-01,331100,15.5,1685,8859.22
商品19,2019-02,331100,20.16,1894,12597.6
商品19,2019-03,331100,11.33,669,3973.13
商品2,2016-12,331100,19.34,1286,12435.619999999999
商品2,2017-01,331100,29.67,1313,13121.09
商品2,2017-02,331100,30.66,1480,15020.44
商品2,2017-03,331100,40.0,1363,13630.0
商品2,2017-04,331100,60.0,3245,32450.0
商品2,2017-05,331100,39.34,1434,14133.75
商品2,2017-06,331100,27.990000000000002,1904,17764.32
商品2,2017-07,331100,27.990000000000002,2216,20675.28
商品2,2017-08,331100,31.66,681,7635.61
商品2,2017-09,331100,34.16,984,11189.18
商品2,2017-10,331100,33.99,1952,22116.16
商品2,2017-11,331100,33.99,1408,15952.640000000001
商品2,2017-12,331100,33.99,1878,21277.739999999998
商品2,2018-01,331100,34.67,1986,22942.02
商品2,2018-02,331100,34.67,1506,17384.620000000003
商品2,2018-03,331100,33.99,1952,22116.16
商品2,2018-04,331100,33.99,1731,19612.23
商品2,2018-05,331100,33.33,981,10814.1
商品2,2018-06,331100,32.67,1165,12668.810000000001
商品2,2018-07,331100,32.67,1842,19934.309999999998
商品2,2018-08,331100,33.0,1532,16852.0
商品2,2018-09,331100,33.99,726,8225.58
商品2,2018-10,331100,33.99,1119,12678.27
商品2,2018-11,331100,33.99,1606,18195.98
商品2,2018-12,331100,33.99,882,9993.060000000001
商品2,2019-01,331100,33.99,1388,15726.04
商品2,2019-02,331100,35.01,1156,13490.52
商品2,2019-03,331100,22.67,1378,15700.7
商品20,2017-01,331100,59.6,2659,31676.5
商品20,2017-02,331100,46.8,2369,27953.3
商品20,2017-03,331100,42.7,2899,30966.5
商品20,2017-04,331100,49.0,2796,27263.2
商品20,2017-05,331100,63.400000000000006,4340,39357.4
商品20,2017-06,331100,35.8,1929,17186.8
商品20,2017-07,331100,36.0,2678,24102.0
商品20,2017-08,331100,46.6,2061,19320.7
商品20,2017-09,331100,38.900000000000006,1674,16111.8
商品20,2017-10,331100,47.5,2465,23417.5
商品20,2017-11,331100,37.8,3115,29470.5
商品20,2017-12,331100,40.4,1022,10424.2
商品20,2018-01,331100,51.15,2133,21883.649999999998
商品20,2018-02,331100,39.0,2491,23825.8
商品20,2018-03,331100,30.1,2184,16595.0
商品20,2018-04,331100,28.5,2394,16990.2
商品20,2018-05,331100,35.4,2228,15406.5
商品20,2018-06,331100,31.1,1551,12058.5
商品20,2018-07,331100,40.8,3365,27642.6
商品20,2018-08,331100,39.0,910,8899.4
商品20,2018-09,331100,48.8,2466,30702.199999999997
商品20,2018-10,331100,68.0,1959,26560.0
商品20,2018-11,331100,52.0,2391,31850.0
商品20,2018-12,331100,46.0,651,7611.0
商品20,2019-01,331100,54.5,3326,36515.0
商品20,2019-02,331100,42.0,2058,21609.0
商品20,2019-03,331100,32.7,935,10274.7
商品21,2016-12,331100,18.33,1335,12327.18
商品21,2017-01,331100,27.33,1853,17000.73
商品21,2017-02,331100,29.009999999999998,717,6933.389999999999
商品21,2017-03,331100,38.68,2133,20626.11
商品21,2017-04,331100,58.019999999999996,3194,30885.98
商品21,2017-05,331100,38.68,2064,19958.879999999997
商品21,2017-06,331100,29.009999999999998,1282,12396.939999999999
商品21,2017-07,331100,29.009999999999998,1618,15646.059999999998
商品21,2017-08,331100,29.009999999999998,791,7648.97
商品21,2017-09,331100,29.009999999999998,2015,19485.05
商品21,2017-10,331100,29.009999999999998,1664,16090.88
商品21,2017-11,331100,29.009999999999998,737,7126.79
商品21,2017-12,331100,29.009999999999998,1394,13479.98
商品21,2018-01,331100,27.990000000000002,2308,21533.64
商品21,2018-02,331100,28.67,1277,12177.57
商品21,2018-03,331100,28.33,1542,14501.779999999999
商品21,2018-04,331100,28.33,1880,17729.78
商品21,2018-05,331100,29.009999999999998,987,9544.29
商品21,2018-06,331100,29.009999999999998,1975,19098.25
商品21,2018-07,331100,29.009999999999998,1814,17541.38
商品21,2018-08,331100,29.009999999999998,1064,10288.880000000001
商品21,2018-09,331100,29.009999999999998,1398,13518.659999999998
商品21,2018-10,331100,29.009999999999998,2652,25644.84
商品21,2018-11,331100,29.009999999999998,1441,13934.470000000001
商品21,2018-12,331100,29.009999999999998,1869,18073.23
商品21,2019-01,331100,29.009999999999998,894,8644.98
商品21,2019-02,331100,29.009999999999998,1263,12213.21
商品21,2019-03,331100,20.0,921,9414.93
商品22,2016-12,331100,41.34,1514,31294.380000000005
商品22,2017-01,331100,63.67,2044,43960.32
商品22,2017-02,331100,60.66,490,9925.07
商品22,2017-03,331100,78.0,1919,37422.369999999995
商品22,2017-04,331100,116.66,3627,70374.43
商品22,2017-05,331100,76.33,3212,61308.83
商品22,2017-06,331100,56.67,2656,50154.130000000005
商品22,2017-07,331100,57.0,1643,31217.0
商品22,2017-08,331100,58.0,1580,30471.3
商品22,2017-09,331100,57.989999999999995,1620,31314.6
商品22,2017-10,331100,57.989999999999995,947,18305.51
商品22,2017-11,331100,58.33,1969,38349.77
商品22,2017-12,331100,59.010000000000005,1407,27675.690000000002
商品22,2018-01,331100,57.0,1359,25775.13
商品22,2018-02,331100,59.0,1604,31635.07
商品22,2018-03,331100,55.34,2778,51158.93
商品22,2018-04,331100,50.33,525,8708.59
商品22,2018-05,331100,48.33,1341,21691.949999999997
商品22,2018-06,331100,48.5,2135,34461.57
商品22,2018-07,331100,50.67,2071,34854.11
商品22,2018-08,331100,53.17,1058,18827.89
商品22,2018-09,331100,64.34,1693,35877.37
商品22,2018-10,331100,72.0,1591,38184.0
商品22,2018-11,331100,70.33,612,14260.539999999999
商品22,2018-12,331100,63.67,2131,45373.82
商品22,2019-01,331100,63.0,991,21044.969999999998
商品22,2019-02,331100,63.0,692,14102.529999999999
商品22,2019-03,331100,40.0,1232,24562.12
商品23,2016-12,331100,7.0,1205,4125.530000000001
商品23,2017-01,331100,8.5,2198,6181.67
商品23,2017-02,331100,6.67,2349,5234.77
商品23,2017-03,331100,9.0,2953,6643.21
商品23,2017-04,331100,13.34,3127,6970.55
商品23,2017-05,331100,10.17,1604,4173.71
商品23,2017-06,331100,9.5,715,2139.2
商品23,2017-07,331100,11.5,1449,5584.83
商品23,2017-08,331100,11.83,2427,9566.56
商品23,2017-09,331100,12.33,1283,5249.15
商品23,2017-10,331100,12.17,1875,7590.95
商品23,2017-11,331100,10.0,1386,4892.85
商品23,2017-12,331100,9.17,1825,5560.34
商品23,2018-01,331100,8.83,1024,3014.2
商品23,2018-02,331100,11.33,1205,4791.75
商品23,2018-03,331100,8.83,1322,3824.56
商品23,2018-04,331100,9.0,1423,4336.83
商品23,2018-05,331100,10.0,1684,5617.87
商品23,2018-06,331100,12.67,2389,10115.57
商品23,2018-07,331100,12.67,2248,9465.2
商品23,2018-08,331100,13.83,1881,8735.25
商品23,2018-09,331100,16.83,584,3234.77
商品23,2018-10,331100,15.0,1382,7059.299999999999
商品23,2018-11,331100,9.67,1390,4557.92
商品23,2018-12,331100,9.5,1660,5294.47
商品23,2019-01,331100,9.84,2174,7168.450000000001
商品23,2019-02,331100,10.5,1198,4086.41
商品23,2019-03,331100,7.33,648,2423.83
商品24,2016-12,331100,8.5,780,3709.5
商品24,2017-01,331100,8.5,839,2571.94
商品24,2017-02,331100,7.5,1906,4765.0
商品24,2017-03,331100,10.66,2080,5653.42
商品24,2017-04,331100,18.66,2959,9114.35
商品24,2017-05,331100,12.68,2013,6381.209999999999
商品24,2017-06,331100,11.01,1351,4573.67
商品24,2017-07,331100,13.5,1373,6091.63
商品24,2017-08,331100,13.5,1757,7907.1
商品24,2017-09,331100,13.0,1330,5858.07
商品24,2017-10,331100,11.83,1378,5475.28
商品24,2017-11,331100,10.5,1965,6771.18
商品24,2017-12,331100,9.5,1576,5096.87
商品24,2018-01,331100,9.5,1459,4678.24
商品24,2018-02,331100,14.5,2318,11224.2
商品24,2018-03,331100,12.17,1527,6194.19
商品24,2018-04,331100,10.84,830,2749.24
商品24,2018-05,331100,10.5,2645,9247.81
商品24,2018-06,331100,12.83,1557,6457.93
商品24,2018-07,331100,13.5,1355,5768.06
商品24,2018-08,331100,15.16,2022,10381.21
商品24,2018-09,331100,16.66,1575,9022.06
商品24,2018-10,331100,18.17,1196,7172.49
商品24,2018-11,331100,7.83,1373,3773.21
商品24,2018-12,331100,7.0,450,1061.95
商品24,2019-01,331100,10.0,1906,6297.7
商品24,2019-02,331100,10.33,1101,3824.09
商品24,2019-03,331100,7.67,1253,4663.55
商品25,2016-12,331100,5.66,1110,3276.3
商品25,2017-01,331100,7.16,1363,3241.75
商品25,2017-02,331100,7.99,1599,4260.13
商品25,2017-03,331100,11.52,3162,9135.6
商品25,2017-04,331100,18.2,2721,8286.7
商品25,2017-05,331100,13.15,1248,4209.39
商品25,2017-06,331100,10.16,2005,6824.21
商品25,2017-07,331100,9.82,1246,4143.57
商品25,2017-08,331100,9.48,1070,3381.2000000000003
商品25,2017-09,331100,9.0,1042,3126.0
商品25,2017-10,331100,9.32,1683,5188.52
商品25,2017-11,331100,8.52,2266,6388.82
商品25,2017-12,331100,8.66,724,2060.1400000000003
商品25,2018-01,331100,8.99,758,2283.83
商品25,2018-02,331100,9.48,902,2850.3200000000006
商品25,2018-03,331100,9.99,1652,5501.16
商品25,2018-04,331100,9.99,1528,5088.24
商品25,2018-05,331100,9.65,1512,4902.53
商品25,2018-06,331100,9.82,1939,6317.3
商品25,2018-07,331100,9.99,1622,5401.26
商品25,2018-08,331100,9.99,1442,4801.860000000001
商品25,2018-09,331100,9.99,1577,5251.41
商品25,2018-10,331100,9.99,2281,7595.73
商品25,2018-11,331100,11.16,407,1547.5900000000001
商品25,2018-12,331100,11.49,1174,4496.42
商品25,2019-01,331100,11.49,1477,5656.91
商品25,2019-02,331100,11.49,2229,8537.07
商品25,2019-03,331100,7.66,407,1558.81
商品26,2016-12,331100,7.17,1008,3181.95
商品26,2017-01,331100,9.83,1469,5069.34
商品26,2017-02,331100,9.83,2094,6722.65
商品26,2017-03,331100,13.5,2022,6852.04
商品26,2017-04,331100,19.34,3168,10127.52
商品26,2017-05,331100,12.66,2396,7676.7300000000005
商品26,2017-06,331100,9.34,1674,5142.1900000000005
商品26,2017-07,331100,10.16,431,1442.71
商品26,2017-08,331100,11.49,1611,6170.13
商品26,2017-09,331100,11.99,2118,8530.94
商品26,2017-10,331100,12.99,1746,7560.18
商品26,2017-11,331100,11.67,2133,8296.31
商品26,2017-12,331100,11.5,2406,9183.14
商品26,2018-01,331100,11.01,1893,6947.3099999999995
商品26,2018-02,331100,13.16,1588,6794.54
商品26,2018-03,331100,9.84,1959,6471.27
商品26,2018-04,331100,9.0,809,2427.0
商品26,2018-05,331100,8.83,1536,4578.59
商品26,2018-06,331100,9.99,666,2217.78
商品26,2018-07,331100,11.17,1849,6980.87
商品26,2018-08,331100,12.83,1692,7216.55
商品26,2018-09,331100,14.17,675,3259.94
商品26,2018-10,331100,14.16,1149,5427.24
商品26,2018-11,331100,11.5,902,3507.54
商品26,2018-12,331100,10.34,1026,3477.01
商品26,2019-01,331100,11.17,1704,6330.32
商品26,2019-02,331100,11.16,1004,3600.79
商品26,2019-03,331100,7.67,711,2676.3599999999997
商品27,2016-12,331100,70.66,689,24342.37
商品27,2017-01,331100,105.99,2026,71578.57999999999
商品27,2017-02,331100,102.99,1820,62480.6
商品27,2017-03,331100,137.32,930,31926.899999999998
商品27,2017-04,331100,205.98,2865,98355.45
商品27,2017-05,331100,137.32,2031,69724.23
商品27,2017-06,331100,102.99,1915,65741.95
商品27,2017-07,331100,102.99,1708,58635.64
商品27,2017-08,331100,102.99,1578,54172.73999999999
商品27,2017-09,331100,102.99,923,31686.59
商品27,2017-10,331100,102.99,2464,84589.12
商品27,2017-11,331100,102.99,1921,65947.93
商品27,2017-12,331100,102.33,1763,60153.53
商品27,2018-01,331100,108.0,2174,78264.0
商品27,2018-02,331100,116.33,1397,52820.33
商品27,2018-03,331100,109.67,1974,71436.41
商品27,2018-04,331100,108.0,987,35532.0
商品27,2018-05,331100,108.0,1962,70632.0
商品27,2018-06,331100,108.0,1449,52164.0
商品27,2018-07,331100,108.0,2236,80496.0
商品27,2018-08,331100,108.0,2134,76824.0
商品27,2018-09,331100,108.0,1974,71064.0
商品27,2018-10,331100,117.99,1009,39683.97
商品27,2018-11,331100,117.99,1123,44167.59
商品27,2018-12,331100,117.99,1122,44128.259999999995
商品27,2019-01,331100,118.99,179,7099.07
商品27,2019-02,331100,121.66,1665,67684.11
商品27,2019-03,331100,79.66,1225,48936.25
商品3,2016-12,331100,9.34,598,2792.66
商品3,2017-01,331100,13.77,1066,4876.99
商品3,2017-02,331100,13.33,1164,5113.73
商品3,2017-03,331100,17.009999999999998,2684,11453.609999999999
商品3,2017-04,331100,25.4,2248,9501.810000000001
商品3,2017-05,331100,15.92,2126,8310.279999999999
商品3,2017-06,331100,12.5,1753,7301.5
商品3,2017-07,331100,11.49,1645,6300.35
商品3,2017-08,331100,14.03,1396,6584.44
商品3,2017-09,331100,16.259999999999998,719,3844.96
商品3,2017-10,331100,16.57,1564,8669.41
商品3,2017-11,331100,15.67,2212,11575.560000000001
商品3,2017-12,331100,16.33,673,3628.23
商品3,2018-01,331100,16.73,2529,14120.19
商品3,2018-02,331100,17.23,1528,8856.24
商品3,2018-03,331100,16.19,1895,10240.35
商品3,2018-04,331100,14.2,2103,10018.91
商品3,2018-05,331100,14.27,2172,10338.76
商品3,2018-06,331100,14.66,1394,6836.67
商品3,2018-07,331100,14.399999999999999,1656,7948.8
商品3,2018-08,331100,16.43,826,4536.38
商品3,2018-09,331100,18.0,1657,9942.0
商品3,2018-10,331100,17.46,2581,14994.8
商品3,2018-11,331100,16.7,1774,9885.599999999999
商品3,2018-12,331100,16.5,2152,11836.0
商品3,2019-01,331100,16.36,2467,13459.79
商品3,2019-02,331100,15.93,1601,8493.07
商品3,2019-03,331100,10.2,588,2938.62
商品4,2016-12,331100,30.66,1325,20312.25
商品4,2017-01,331100,46.33,1135,17555.95
商品4,2017-02,331100,45.66,2473,37584.39
商品4,2017-03,331100,57.66,2055,30025.89
商品4,2017-04,331100,82.68,2931,40351.89
商品4,2017-05,331100,54.34,2204,29865.52
商品4,2017-06,331100,40.67,1735,23604.91
商品4,2017-07,331100,39.99,1181,15742.73
商品4,2017-08,331100,39.99,1253,16702.49
商品4,2017-09,331100,39.99,491,6545.03
商品4,2017-10,331100,39.99,2132,28419.559999999998
商品4,2017-11,331100,39.0,1459,18967.0
商品4,2017-12,331100,39.0,575,7475.0
商品4,2018-01,331100,39.83,2005,26587.93
商品4,2018-02,331100,42.34,2434,34414.41
商品4,2018-03,331100,39.0,2309,29949.3
商品4,2018-04,331100,35.33,1722,20238.48
商品4,2018-05,331100,33.33,903,9934.32
商品4,2018-06,331100,33.0,1399,15389.0
商品4,2018-07,331100,33.16,1628,17964.48
商品4,2018-08,331100,34.66,1041,11898.24
商品4,2018-09,331100,43.67,884,12843.599999999999
商品4,2018-10,331100,50.010000000000005,1137,18953.79
商品4,2018-11,331100,49.010000000000005,1349,21986.83
商品4,2018-12,331100,47.34,1085,17012.18
商品4,2019-01,331100,48.0,1874,29984.0
商品4,2019-02,331100,48.0,2313,37008.0
商品4,2019-03,331100,28.66,632,8928.56
商品5,2016-12,331100,4.34,1558,3380.8599999999997
商品5,2017-01,331100,6.83,1489,3444.73
商品5,2017-02,331100,7.33,1314,3201.7
商品5,2017-03,331100,10.34,921,2440.71
商品5,2017-04,331100,17.66,2526,7453.9
商品5,2017-05,331100,9.67,1699,4049.83
商品5,2017-06,331100,6.17,1497,3124.73
商品5,2017-07,331100,6.67,1364,3003.3999999999996
商品5,2017-08,331100,6.83,1179,2673.95
商品5,2017-09,331100,7.33,1257,3139.27
商品5,2017-10,331100,7.5,1546,3865.0
商品5,2017-11,331100,7.5,1717,4292.5
商品5,2017-12,331100,7.5,1790,4475.0
商品5,2018-01,331100,7.5,1175,2937.5
商品5,2018-02,331100,8.67,1358,3814.95
商品5,2018-03,331100,8.01,1080,2883.6
商品5,2018-04,331100,8.17,1479,3977.5699999999997
商品5,2018-05,331100,7.33,1770,4416.84
商品5,2018-06,331100,6.99,1712,3988.96
商品5,2018-07,331100,7.84,1892,5007.61
商品5,2018-08,331100,7.67,1680,4361.67
商品5,2018-09,331100,8.01,899,2400.33
商品5,2018-10,331100,8.17,1317,3520.55
商品5,2018-11,331100,7.67,1232,3236.91
商品5,2018-12,331100,7.67,1718,4364.7
商品5,2019-01,331100,8.6,902,2609.06
商品5,2019-02,331100,8.49,1140,3226.2000000000003
商品5,2019-03,331100,5.66,1528,4324.24
商品6,2016-12,331100,100.84,1048,53260.060000000005
商品6,2017-01,331100,153.81,1598,81929.46
商品6,2017-02,331100,160.47,1803,98363.88
商品6,2017-03,331100,218.4,2145,117117.0
商品6,2017-04,331100,327.6,3957,216052.2
商品6,2017-05,331100,218.4,1230,67158.0
商品6,2017-06,331100,163.8,1599,87305.4
商品6,2017-07,331100,163.8,1202,65629.20000000001
商品6,2017-08,331100,163.8,882,48157.2
商品6,2017-09,331100,163.8,1646,89871.6
商品6,2017-10,331100,163.8,1839,100409.4
商品6,2017-11,331100,163.8,2072,113131.2
商品6,2017-12,331100,163.8,1775,96915.0
商品6,2018-01,331100,163.8,1364,74474.4
商品6,2018-02,331100,163.8,1995,108927.0
商品6,2018-03,331100,163.8,605,33033.0
商品6,2018-04,331100,163.8,577,31504.2
商品6,2018-05,331100,163.8,1106,60387.6
商品6,2018-06,331100,163.8,2048,111820.8
商品6,2018-07,331100,163.8,2137,116680.20000000001
商品6,2018-08,331100,163.8,1272,69451.2
商品6,2018-09,331100,163.8,1596,87141.6
商品6,2018-10,331100,163.8,1684,91946.40000000001
商品6,2018-11,331100,163.8,999,54545.4
商品6,2018-12,331100,163.8,1134,61916.40000000001
商品6,2019-01,331100,163.8,1413,77149.8
商品6,2019-02,331100,163.8,1676,91509.6
商品6,2019-03,331100,109.2,879,47993.4
商品7,2016-12,331100,80.0,1563,61401.270000000004
商品7,2017-01,331100,134.01,688,30424.96
商品7,2017-02,331100,149.32999999999998,1259,62279.61
商品7,2017-03,331100,194.67000000000002,532,26161.85
商品7,2017-04,331100,302.0,4031,202925.0
商品7,2017-05,331100,193.0,2266,109451.53
商品7,2017-06,331100,133.0,2306,103076.44
商品7,2017-07,331100,126.67,599,25359.0
商品7,2017-08,331100,126.67,2059,86612.67
商品7,2017-09,331100,126.0,958,40236.0
商品7,2017-10,331100,131.99,1339,59200.869999999995
商品7,2017-11,331100,118.66,1656,64650.119999999995
商品7,2017-12,331100,110.33,1103,41674.52
商品7,2018-01,331100,134.0,667,30151.28
商品7,2018-02,331100,172.67000000000002,555,31768.03
商品7,2018-03,331100,170.0,1880,106533.41
商品7,2018-04,331100,155.0,1640,85858.18
商品7,2018-05,331100,146.32999999999998,570,27885.73
商品7,2018-06,331100,136.0,1868,84904.02
商品7,2018-07,331100,130.66,1803,78421.47
商品7,2018-08,331100,128.67000000000002,1693,72748.51
商品7,2018-09,331100,120.0,1310,52400.0
商品7,2018-10,331100,115.0,1200,45070.0
商品7,2018-11,331100,113.99,867,32906.11
商品7,2018-12,331100,116.33,1804,69792.53
商品7,2019-01,331100,124.67,1994,82257.2
商品7,2019-02,331100,136.67000000000002,2529,115363.11
商品7,2019-03,331100,87.66,800,35046.0
商品8,2016-12,331100,4.86,694,1686.42
商品8,2017-01,331100,7.290000000000001,1437,3491.91
商品8,2017-02,331100,7.290000000000001,1202,2920.86
商品8,2017-03,331100,9.72,2203,5353.29
商品8,2017-04,331100,15.600000000000001,3275,8515.0
商品8,2017-05,331100,10.4,1935,5031.0
商品8,2017-06,331100,7.800000000000001,1295,3367.0
商品8,2017-07,331100,7.800000000000001,983,2555.7999999999997
商品8,2017-08,331100,7.800000000000001,1335,3471.0
商品8,2017-09,331100,7.800000000000001,623,1619.8
商品8,2017-10,331100,7.800000000000001,1931,5020.6
商品8,2017-11,331100,7.800000000000001,1590,4134.0
商品8,2017-12,331100,7.800000000000001,1550,4030.0
商品8,2018-01,331100,7.800000000000001,1535,3991.0
商品8,2018-02,331100,7.800000000000001,1286,3343.6000000000004
商品8,2018-03,331100,8.46,1574,4604.2300000000005
商品8,2018-04,331100,8.790000000000001,1607,4708.51
商品8,2018-05,331100,8.790000000000001,995,2915.3500000000004
商品8,2018-06,331100,8.790000000000001,932,2730.76
商品8,2018-07,331100,8.790000000000001,1351,3958.43
商品8,2018-08,331100,8.790000000000001,1315,3852.9500000000003
商品8,2018-09,331100,8.790000000000001,1619,4743.67
商品8,2018-10,331100,8.790000000000001,1681,4925.33
商品8,2018-11,331100,8.790000000000001,682,1998.2600000000002
商品8,2018-12,331100,8.790000000000001,2006,5877.58
商品8,2019-01,331100,8.790000000000001,708,2074.44
商品8,2019-02,331100,8.790000000000001,1519,4450.67
商品8,2019-03,331100,5.86,1678,4916.54
商品9,2017-01,331100,16.15,2183,7010.3
商品9,2017-02,331100,10.9,2132,5768.5
商品9,2017-03,331100,11.6,1991,5683.000000000001
商品9,2017-04,331100,14.0,2749,7830.8
商品9,2017-05,331100,18.9,3292,8925.7
商品9,2017-06,331100,12.4,2363,7309.1
商品9,2017-07,331100,13.4,1672,5670.4
商品9,2017-08,331100,23.1,4365,19987.6
商品9,2017-09,331100,19.1,595,2714.6000000000004
商品9,2017-10,331100,21.9,2152,9510.7
商品9,2017-11,331100,18.9,1288,6004.799999999999
商品9,2017-12,331100,20.1,2326,11653.1
商品9,2018-01,331100,24.400000000000002,3032,14830.1
商品9,2018-02,331100,18.1,3098,14055.4
商品9,2018-03,331100,15.7,1564,6205.6
商品9,2018-04,331100,14.75,2743,10099.45
商品9,2018-05,331100,19.9,2791,11101.9
商品9,2018-06,331100,15.899999999999999,2803,11110.5
商品9,2018-07,331100,21.1,2967,12504.8
商品9,2018-08,331100,21.1,2627,13971.0
商品9,2018-09,331100,20.3,1396,7136.9
商品9,2018-10,331100,23.4,2038,9453.199999999999
商品9,2018-11,331100,19.1,1890,9028.3
商品9,2018-12,331100,18.7,1088,5072.599999999999
商品9,2019-01,331100,22.3,1263,5764.6
商品9,2019-02,331100,14.0,3052,10682.0
商品9,2019-03,331100,10.2,1045,3459.6000000000004
